<?xml version="1.0" encoding="UTF-8"?>
<preferences>
 <debug showDebugMenu="0" />
 <systemtable filter="uniphy_ddr3.clock_sink">
  <columns>
   <connections preferredWidth="159" />
   <irq preferredWidth="34" />
   <inputclock preferredWidth="163" />
   <export preferredWidth="109" />
   <description preferredWidth="220" />
  </columns>
 </systemtable>
 <clocktable>
  <columns>
   <clockname preferredWidth="330" />
   <clocksource preferredWidth="330" />
   <frequency preferredWidth="312" />
  </columns>
 </clocktable>
 <library expandedCategories="Library,Project" />
 <window width="1280" height="981" x="0" y="0" />
 <generation sim_verilog="1" />
</preferences>
