# system info my_qsys_mpfe_system on 2011.01.11.18:33:24
system_info:
name,value
DEVICE,
DEVICE_FAMILY,Stratix IV
GENERATION_ID,
#
#
# Files generated for my_qsys_mpfe_system on 2011.01.11.18:33:24
files:
filepath,kind,attributes,module,is_top
my_qsys_mpfe_system/sim_verilog/my_qsys_mpfe_system.v,VERILOG,,my_qsys_mpfe_system,true
my_qsys_mpfe_system/sim_verilog/submodules/altera_uniphy_ddr3_nzhdlyea_afi_mux.v,VERILOG,,altera_uniphy_ddr3_nzhdlyea,false
my_qsys_mpfe_system/sim_verilog/submodules/altera_uniphy_ddr3_nzhdlyea_nios_sequencer.sv,SYSTEM_VERILOG,,altera_uniphy_ddr3_nzhdlyea,false
my_qsys_mpfe_system/sim_verilog/submodules/altera_uniphy_ddr3_nzhdlyea_alt_ddrx_decoder_40.v,VERILOG,,altera_uniphy_ddr3_nzhdlyea,false
my_qsys_mpfe_system/sim_verilog/submodules/altera_uniphy_ddr3_nzhdlyea_sequencer_cpu_jtag_debug_module_tck.v,VERILOG,,altera_uniphy_ddr3_nzhdlyea,false
my_qsys_mpfe_system/sim_verilog/submodules/altera_uniphy_ddr3_nzhdlyea_sequencer_cpu_jtag_debug_module_sysclk.v,VERILOG,,altera_uniphy_ddr3_nzhdlyea,false
my_qsys_mpfe_system/sim_verilog/submodules/altera_uniphy_ddr3_nzhdlyea_alt_ddrx_bank_timer.v,VERILOG,,altera_uniphy_ddr3_nzhdlyea,false
my_qsys_mpfe_system/sim_verilog/submodules/altera_uniphy_ddr3_nzhdlyea_readme.txt,OTHER,,altera_uniphy_ddr3_nzhdlyea,false
my_qsys_mpfe_system/sim_verilog/submodules/altera_uniphy_ddr3_nzhdlyea_addr_cmd_pads.v,VERILOG,,altera_uniphy_ddr3_nzhdlyea,false
my_qsys_mpfe_system/sim_verilog/submodules/altera_uniphy_ddr3_nzhdlyea_iss_source.v,VERILOG,,altera_uniphy_ddr3_nzhdlyea,false
my_qsys_mpfe_system/sim_verilog/submodules/altera_uniphy_ddr3_nzhdlyea_rom_bridge_0.v,VERILOG,,altera_uniphy_ddr3_nzhdlyea,false
my_qsys_mpfe_system/sim_verilog/submodules/altera_uniphy_ddr3_nzhdlyea_rom_bridge.v,VERILOG,,altera_uniphy_ddr3_nzhdlyea,false
my_qsys_mpfe_system/sim_verilog/submodules/altera_uniphy_ddr3_nzhdlyea_alt_ddrx_clock_and_reset.v,VERILOG,,altera_uniphy_ddr3_nzhdlyea,false
my_qsys_mpfe_system/sim_verilog/submodules/altera_uniphy_ddr3_nzhdlyea_pll_memphy.v,VERILOG,,altera_uniphy_ddr3_nzhdlyea,false
my_qsys_mpfe_system/sim_verilog/submodules/altera_uniphy_ddr3_nzhdlyea_mem_cq_buf.v,VERILOG,,altera_uniphy_ddr3_nzhdlyea,false
my_qsys_mpfe_system/sim_verilog/submodules/altera_uniphy_ddr3_nzhdlyea_reset.v,VERILOG,,altera_uniphy_ddr3_nzhdlyea,false
my_qsys_mpfe_system/sim_verilog/submodules/altera_uniphy_ddr3_nzhdlyea_alt_ddrx_encoder.v,VERILOG,,altera_uniphy_ddr3_nzhdlyea,false
my_qsys_mpfe_system/sim_verilog/submodules/altera_uniphy_ddr3_nzhdlyea_pll_shift_control.sv,SYSTEM_VERILOG,,altera_uniphy_ddr3_nzhdlyea,false
my_qsys_mpfe_system/sim_verilog/submodules/altera_uniphy_ddr3_nzhdlyea_sequencer_raminit.v,VERILOG,,altera_uniphy_ddr3_nzhdlyea,false
my_qsys_mpfe_system/sim_verilog/submodules/altera_uniphy_ddr3_nzhdlyea_alt_ddrx_bypass.v,VERILOG,,altera_uniphy_ddr3_nzhdlyea,false
my_qsys_mpfe_system/sim_verilog/submodules/altera_uniphy_ddr3_nzhdlyea_sequencer_cpu_jtag_debug_module_wrapper.v,VERILOG,,altera_uniphy_ddr3_nzhdlyea,false
my_qsys_mpfe_system/sim_verilog/submodules/altera_uniphy_ddr3_nzhdlyea_mem_q_buf.v,VERILOG,,altera_uniphy_ddr3_nzhdlyea,false
my_qsys_mpfe_system/sim_verilog/submodules/altera_uniphy_ddr3_nzhdlyea_memphy.v,VERILOG,,altera_uniphy_ddr3_nzhdlyea,false
my_qsys_mpfe_system/sim_verilog/submodules/altera_uniphy_ddr3_nzhdlyea_clock_pair_generator.v,VERILOG,,altera_uniphy_ddr3_nzhdlyea,false
my_qsys_mpfe_system/sim_verilog/submodules/altera_uniphy_ddr3_nzhdlyea_flop_mem.v,VERILOG,,altera_uniphy_ddr3_nzhdlyea,false
my_qsys_mpfe_system/sim_verilog/submodules/altera_uniphy_ddr3_nzhdlyea_alt_ddrx_addr_cmd.v,VERILOG,,altera_uniphy_ddr3_nzhdlyea,false
my_qsys_mpfe_system/sim_verilog/submodules/altera_uniphy_ddr3_nzhdlyea_clock_pair_generator_config.v,VERILOG,,altera_uniphy_ddr3_nzhdlyea,false
my_qsys_mpfe_system/sim_verilog/submodules/altera_uniphy_ddr3_nzhdlyea_write_d_iobuf.v,VERILOG,,altera_uniphy_ddr3_nzhdlyea,false
my_qsys_mpfe_system/sim_verilog/submodules/altera_uniphy_ddr3_nzhdlyea_write_mask_pad_hr_ddr3.v,VERILOG,,altera_uniphy_ddr3_nzhdlyea,false
my_qsys_mpfe_system/sim_verilog/submodules/altera_uniphy_ddr3_nzhdlyea_alt_ddrx_ddr3_odt_gen.v,VERILOG,,altera_uniphy_ddr3_nzhdlyea,false
my_qsys_mpfe_system/sim_verilog/submodules/altera_uniphy_ddr3_nzhdlyea_sequencer_rom.v,VERILOG,,altera_uniphy_ddr3_nzhdlyea,false
my_qsys_mpfe_system/sim_verilog/submodules/altera_uniphy_ddr3_nzhdlyea_alt_ddrx_bank_timer_info.v,VERILOG,,altera_uniphy_ddr3_nzhdlyea,false
my_qsys_mpfe_system/sim_verilog/submodules/altera_uniphy_ddr3_nzhdlyea_sequencer_rw_mgr_core.sv,SYSTEM_VERILOG,,altera_uniphy_ddr3_nzhdlyea,false
my_qsys_mpfe_system/sim_verilog/submodules/altera_uniphy_ddr3_nzhdlyea_sequencer_bridge.v,VERILOG,,altera_uniphy_ddr3_nzhdlyea,false
my_qsys_mpfe_system/sim_verilog/submodules/altera_uniphy_ddr3_nzhdlyea_alt_ddrx_wdata_fifo.v,VERILOG,,altera_uniphy_ddr3_nzhdlyea,false
my_qsys_mpfe_system/sim_verilog/submodules/altera_uniphy_ddr3_nzhdlyea_altera_avalon_half_rate_bridge.v,VERILOG,,altera_uniphy_ddr3_nzhdlyea,false
my_qsys_mpfe_system/sim_verilog/submodules/altera_uniphy_ddr3_nzhdlyea_alt_ddrx_decoder.v,VERILOG,,altera_uniphy_ddr3_nzhdlyea,false
my_qsys_mpfe_system/sim_verilog/submodules/altera_uniphy_ddr3_nzhdlyea_alt_ddrx_state_machine.v,VERILOG,,altera_uniphy_ddr3_nzhdlyea,false
my_qsys_mpfe_system/sim_verilog/submodules/altera_uniphy_ddr3_nzhdlyea_sequencer_mux_bridge.sv,SYSTEM_VERILOG,,altera_uniphy_ddr3_nzhdlyea,false
my_qsys_mpfe_system/sim_verilog/submodules/altera_uniphy_ddr3_nzhdlyea_write_datapath.v,VERILOG,,altera_uniphy_ddr3_nzhdlyea,false
my_qsys_mpfe_system/sim_verilog/submodules/altera_uniphy_ddr3_nzhdlyea_alt_ddrx_ecc.v,VERILOG,,altera_uniphy_ddr3_nzhdlyea,false
my_qsys_mpfe_system/sim_verilog/submodules/altera_uniphy_ddr3_nzhdlyea_sequencer_cpu.v,VERILOG,,altera_uniphy_ddr3_nzhdlyea,false
my_qsys_mpfe_system/sim_verilog/submodules/altera_uniphy_ddr3_nzhdlyea_sequencer_cpu_ociram_default_contents.mif,OTHER,,altera_uniphy_ddr3_nzhdlyea,false
my_qsys_mpfe_system/sim_verilog/submodules/altera_uniphy_ddr3_nzhdlyea_write_dq_iobuf.v,VERILOG,,altera_uniphy_ddr3_nzhdlyea,false
my_qsys_mpfe_system/sim_verilog/submodules/altera_uniphy_ddr3_nzhdlyea_oct_control.v,VERILOG,,altera_uniphy_ddr3_nzhdlyea,false
my_qsys_mpfe_system/sim_verilog/submodules/altera_uniphy_ddr3_nzhdlyea_alt_ddrx_decoder_72.v,VERILOG,,altera_uniphy_ddr3_nzhdlyea,false
my_qsys_mpfe_system/sim_verilog/submodules/altera_uniphy_ddr3_nzhdlyea_addr_cmd_datapath.v,VERILOG,,altera_uniphy_ddr3_nzhdlyea,false
my_qsys_mpfe_system/sim_verilog/submodules/altera_uniphy_ddr3_nzhdlyea_alt_ddrx_bank_timer_wrapper.v,VERILOG,,altera_uniphy_ddr3_nzhdlyea,false
my_qsys_mpfe_system/sim_verilog/submodules/altera_uniphy_ddr3_nzhdlyea_alt_ddrx_ddr2_odt_gen.v,VERILOG,,altera_uniphy_ddr3_nzhdlyea,false
my_qsys_mpfe_system/sim_verilog/submodules/altera_uniphy_ddr3_nzhdlyea_sequencer_scc_mgr.sv,SYSTEM_VERILOG,,altera_uniphy_ddr3_nzhdlyea,false
my_qsys_mpfe_system/sim_verilog/submodules/altera_uniphy_ddr3_nzhdlyea_altdqdqs.sv,SYSTEM_VERILOG,,altera_uniphy_ddr3_nzhdlyea,false
my_qsys_mpfe_system/sim_verilog/submodules/altera_uniphy_ddr3_nzhdlyea_alt_ddrx_csr.v,VERILOG,,altera_uniphy_ddr3_nzhdlyea,false
my_qsys_mpfe_system/sim_verilog/submodules/altera_uniphy_ddr3_nzhdlyea_new_io_pads.v,VERILOG,,altera_uniphy_ddr3_nzhdlyea,false
my_qsys_mpfe_system/sim_verilog/submodules/altera_uniphy_ddr3_nzhdlyea_alt_ddrx_odt_gen.v,VERILOG,,altera_uniphy_ddr3_nzhdlyea,false
my_qsys_mpfe_system/sim_verilog/submodules/altera_uniphy_ddr3_nzhdlyea_sequencer.sv,SYSTEM_VERILOG,,altera_uniphy_ddr3_nzhdlyea,false
my_qsys_mpfe_system/sim_verilog/submodules/altera_uniphy_ddr3_nzhdlyea_sequencer_ctrl.v,VERILOG,,altera_uniphy_ddr3_nzhdlyea,false
my_qsys_mpfe_system/sim_verilog/submodules/altera_uniphy_ddr3_nzhdlyea_alt_ddrx_timing_param.v,VERILOG,,altera_uniphy_ddr3_nzhdlyea,false
my_qsys_mpfe_system/sim_verilog/submodules/altera_uniphy_ddr3_nzhdlyea_alt_ddrx_afi_block.v,VERILOG,,altera_uniphy_ddr3_nzhdlyea,false
my_qsys_mpfe_system/sim_verilog/submodules/altera_uniphy_ddr3_nzhdlyea_sequencer_ram.hex,HEX,,altera_uniphy_ddr3_nzhdlyea,false
my_qsys_mpfe_system/sim_verilog/submodules/altera_uniphy_ddr3_nzhdlyea_controller_phy.sv,SYSTEM_VERILOG,,altera_uniphy_ddr3_nzhdlyea,false
my_qsys_mpfe_system/sim_verilog/submodules/altera_uniphy_ddr3_nzhdlyea_hr_to_fr.v,VERILOG,,altera_uniphy_ddr3_nzhdlyea,false
my_qsys_mpfe_system/sim_verilog/submodules/altera_uniphy_ddr3_nzhdlyea_sequencer_ptr_mgr.sv,SYSTEM_VERILOG,,altera_uniphy_ddr3_nzhdlyea,false
my_qsys_mpfe_system/sim_verilog/submodules/altera_uniphy_ddr3_nzhdlyea_alt_ddrx_cmd_queue.v,VERILOG,,altera_uniphy_ddr3_nzhdlyea,false
my_qsys_mpfe_system/sim_verilog/submodules/altera_uniphy_ddr3_nzhdlyea_sequencer_cpu_test_bench.v,VERILOG,,altera_uniphy_ddr3_nzhdlyea,false
my_qsys_mpfe_system/sim_verilog/submodules/altera_uniphy_ddr3_nzhdlyea.v,VERILOG,,altera_uniphy_ddr3_nzhdlyea,false
my_qsys_mpfe_system/sim_verilog/submodules/altera_uniphy_ddr3_nzhdlyea_aiigx_hr_write_io.v,VERILOG,,altera_uniphy_ddr3_nzhdlyea,false
my_qsys_mpfe_system/sim_verilog/submodules/altera_uniphy_ddr3_nzhdlyea_alt_ddrx_cmd_gen.v,VERILOG,,altera_uniphy_ddr3_nzhdlyea,false
my_qsys_mpfe_system/sim_verilog/submodules/altera_uniphy_ddr3_nzhdlyea_sequencer_rw_mgr.sv,SYSTEM_VERILOG,,altera_uniphy_ddr3_nzhdlyea,false
my_qsys_mpfe_system/sim_verilog/submodules/altera_uniphy_ddr3_nzhdlyea_alt_ddrx_encoder_72.v,VERILOG,,altera_uniphy_ddr3_nzhdlyea,false
my_qsys_mpfe_system/sim_verilog/submodules/altera_uniphy_ddr3_nzhdlyea_alt_ddrx_rank_monitor.v,VERILOG,,altera_uniphy_ddr3_nzhdlyea,false
my_qsys_mpfe_system/sim_verilog/submodules/altera_uniphy_ddr3_nzhdlyea_dll_memphy.v,VERILOG,,altera_uniphy_ddr3_nzhdlyea,false
my_qsys_mpfe_system/sim_verilog/submodules/altera_uniphy_ddr3_nzhdlyea_memphy_top.v,VERILOG,,altera_uniphy_ddr3_nzhdlyea,false
my_qsys_mpfe_system/sim_verilog/submodules/altera_uniphy_ddr3_nzhdlyea_alt_ddrx_encoder_40.v,VERILOG,,altera_uniphy_ddr3_nzhdlyea,false
my_qsys_mpfe_system/sim_verilog/submodules/altera_uniphy_ddr3_nzhdlyea_sequencer_cpu_rf_ram.mif,OTHER,,altera_uniphy_ddr3_nzhdlyea,false
my_qsys_mpfe_system/sim_verilog/submodules/altera_uniphy_ddr3_nzhdlyea_phy_csr.sv,SYSTEM_VERILOG,,altera_uniphy_ddr3_nzhdlyea,false
my_qsys_mpfe_system/sim_verilog/submodules/altera_uniphy_ddr3_nzhdlyea_sequencer_rom_ddr3.hex,HEX,,altera_uniphy_ddr3_nzhdlyea,false
my_qsys_mpfe_system/sim_verilog/submodules/altera_uniphy_ddr3_nzhdlyea_sequencer_bridge_0.v,VERILOG,,altera_uniphy_ddr3_nzhdlyea,false
my_qsys_mpfe_system/sim_verilog/submodules/altera_uniphy_ddr3_nzhdlyea_mem_qk_buf.v,VERILOG,,altera_uniphy_ddr3_nzhdlyea,false
my_qsys_mpfe_system/sim_verilog/submodules/altera_uniphy_ddr3_nzhdlyea_alt_ddrx_controller.v,VERILOG,,altera_uniphy_ddr3_nzhdlyea,false
my_qsys_mpfe_system/sim_verilog/submodules/altera_uniphy_ddr3_nzhdlyea_alt_ddrx_input_if.v,VERILOG,,altera_uniphy_ddr3_nzhdlyea,false
my_qsys_mpfe_system/sim_verilog/submodules/altera_uniphy_ddr3_nzhdlyea_iss_probe.v,VERILOG,,altera_uniphy_ddr3_nzhdlyea,false
my_qsys_mpfe_system/sim_verilog/submodules/altera_uniphy_ddr3_nzhdlyea_read_datapath.v,VERILOG,,altera_uniphy_ddr3_nzhdlyea,false
my_qsys_mpfe_system/sim_verilog/submodules/altera_uniphy_ddr3_nzhdlyea_sequencer_phy_mgr.sv,SYSTEM_VERILOG,,altera_uniphy_ddr3_nzhdlyea,false
my_qsys_mpfe_system/sim_verilog/submodules/altera_uniphy_ddr3_nzhdlyea_alt_ddrx_cache.v,VERILOG,,altera_uniphy_ddr3_nzhdlyea,false
my_qsys_mpfe_system/sim_verilog/submodules/altera_uniphy_ddr3_nzhdlyea_bidir_dq_dqs_hr_ddr3.v,VERILOG,,altera_uniphy_ddr3_nzhdlyea,false
my_qsys_mpfe_system/sim_verilog/submodules/altera_uniphy_ddr3_nzhdlyea_sequencer_ram.v,VERILOG,,altera_uniphy_ddr3_nzhdlyea,false
my_qsys_mpfe_system/sim_verilog/submodules/altera_uniphy_ddr3_nzhdlyea_write_mask_iobuf.v,VERILOG,,altera_uniphy_ddr3_nzhdlyea,false
my_qsys_mpfe_system/sim_verilog/submodules/altera_uniphy_ddr3_nzhdlyea_reset_sync.v,VERILOG,,altera_uniphy_ddr3_nzhdlyea,false
my_qsys_mpfe_system/sim_verilog/submodules/altera_uniphy_ddr3_nzhdlyea_alt_ddrx_avalon_if.v,VERILOG,,altera_uniphy_ddr3_nzhdlyea,false
my_qsys_mpfe_system/sim_verilog/submodules/altera_uniphy_ddr3_nzhdlyea_read_valid_selector.v,VERILOG,,altera_uniphy_ddr3_nzhdlyea,false
my_qsys_mpfe_system/sim_verilog/submodules/mpfe_arbiter.v,VERILOG,,mpfe_top,false
my_qsys_mpfe_system/sim_verilog/submodules/mpfe_master_port.v,VERILOG,,mpfe_top,false
my_qsys_mpfe_system/sim_verilog/submodules/mpfe_fifo.v,VERILOG,,mpfe_top,false
my_qsys_mpfe_system/sim_verilog/submodules/mpfe_slave_port.v,VERILOG,,mpfe_top,false
my_qsys_mpfe_system/sim_verilog/submodules/mpfe_debug_port.v,VERILOG,,mpfe_top,false
my_qsys_mpfe_system/sim_verilog/submodules/mpfe_top.v,VERILOG,,mpfe_top,false
my_qsys_mpfe_system/sim_verilog/submodules/mpfe_width_adapting_slave_port.v,VERILOG,,mpfe_top,false
my_qsys_mpfe_system/sim_verilog/submodules/altera_uniphy_driver_ri64vf54_driver.sv,SYSTEM_VERILOG,,altera_uniphy_driver_ri64vf54,false
my_qsys_mpfe_system/sim_verilog/submodules/altera_uniphy_driver_ri64vf54_iss_source.v,VERILOG,,altera_uniphy_driver_ri64vf54,false
my_qsys_mpfe_system/sim_verilog/submodules/altera_uniphy_driver_ri64vf54_avalon_traffic_gen.sv,SYSTEM_VERILOG,,altera_uniphy_driver_ri64vf54,false
my_qsys_mpfe_system/sim_verilog/submodules/altera_uniphy_driver_ri64vf54_driver_fsm.sv,SYSTEM_VERILOG,,altera_uniphy_driver_ri64vf54,false
my_qsys_mpfe_system/sim_verilog/submodules/altera_uniphy_driver_ri64vf54_seq_addr_gen.sv,SYSTEM_VERILOG,,altera_uniphy_driver_ri64vf54,false
my_qsys_mpfe_system/sim_verilog/submodules/altera_uniphy_driver_ri64vf54_burst_boundary_addr_gen.sv,SYSTEM_VERILOG,,altera_uniphy_driver_ri64vf54,false
my_qsys_mpfe_system/sim_verilog/submodules/altera_uniphy_driver_ri64vf54_addr_gen.sv,SYSTEM_VERILOG,,altera_uniphy_driver_ri64vf54,false
my_qsys_mpfe_system/sim_verilog/submodules/altera_uniphy_driver_ri64vf54_reset_sync.v,VERILOG,,altera_uniphy_driver_ri64vf54,false
my_qsys_mpfe_system/sim_verilog/submodules/altera_uniphy_driver_ri64vf54_rand_burstcount_gen.sv,SYSTEM_VERILOG,,altera_uniphy_driver_ri64vf54,false
my_qsys_mpfe_system/sim_verilog/submodules/altera_uniphy_driver_ri64vf54_rand_seq_addr_gen.sv,SYSTEM_VERILOG,,altera_uniphy_driver_ri64vf54,false
my_qsys_mpfe_system/sim_verilog/submodules/altera_uniphy_driver_ri64vf54_block_rw_stage.sv,SYSTEM_VERILOG,,altera_uniphy_driver_ri64vf54,false
my_qsys_mpfe_system/sim_verilog/submodules/altera_uniphy_driver_ri64vf54_iss_probe.v,VERILOG,,altera_uniphy_driver_ri64vf54,false
my_qsys_mpfe_system/sim_verilog/submodules/altera_uniphy_driver_ri64vf54_rand_num_gen.sv,SYSTEM_VERILOG,,altera_uniphy_driver_ri64vf54,false
my_qsys_mpfe_system/sim_verilog/submodules/altera_uniphy_driver_ri64vf54_lfsr.sv,SYSTEM_VERILOG,,altera_uniphy_driver_ri64vf54,false
my_qsys_mpfe_system/sim_verilog/submodules/altera_uniphy_driver_ri64vf54_single_rw_stage.sv,SYSTEM_VERILOG,,altera_uniphy_driver_ri64vf54,false
my_qsys_mpfe_system/sim_verilog/submodules/altera_uniphy_driver_ri64vf54_rand_addr_gen.sv,SYSTEM_VERILOG,,altera_uniphy_driver_ri64vf54,false
my_qsys_mpfe_system/sim_verilog/submodules/altera_uniphy_driver_ri64vf54_template_addr_gen.sv,SYSTEM_VERILOG,,altera_uniphy_driver_ri64vf54,false
my_qsys_mpfe_system/sim_verilog/submodules/altera_uniphy_driver_ri64vf54_scfifo_wrapper.sv,SYSTEM_VERILOG,,altera_uniphy_driver_ri64vf54,false
my_qsys_mpfe_system/sim_verilog/submodules/altera_uniphy_driver_ri64vf54_lfsr_wrapper.sv,SYSTEM_VERILOG,,altera_uniphy_driver_ri64vf54,false
my_qsys_mpfe_system/sim_verilog/submodules/altera_uniphy_driver_ri64vf54_driver_definitions.sv,SYSTEM_VERILOG,,altera_uniphy_driver_ri64vf54,false
my_qsys_mpfe_system/sim_verilog/submodules/altera_uniphy_driver_ri64vf54_read_compare.sv,SYSTEM_VERILOG,,altera_uniphy_driver_ri64vf54,false
my_qsys_mpfe_system/sim_verilog/submodules/altera_uniphy_driver_ri64vf54_template_stage.sv,SYSTEM_VERILOG,,altera_uniphy_driver_ri64vf54,false
my_qsys_mpfe_system/sim_verilog/submodules/altera_uniphy_driver_ri64vf54.v,VERILOG,,altera_uniphy_driver_ri64vf54,false
my_qsys_mpfe_system/sim_verilog/submodules/altera_uniphy_driver_gtbrxe7s_seq_addr_gen.sv,SYSTEM_VERILOG,,altera_uniphy_driver_gtbrxe7s,false
my_qsys_mpfe_system/sim_verilog/submodules/altera_uniphy_driver_gtbrxe7s_driver.sv,SYSTEM_VERILOG,,altera_uniphy_driver_gtbrxe7s,false
my_qsys_mpfe_system/sim_verilog/submodules/altera_uniphy_driver_gtbrxe7s_single_rw_stage.sv,SYSTEM_VERILOG,,altera_uniphy_driver_gtbrxe7s,false
my_qsys_mpfe_system/sim_verilog/submodules/altera_uniphy_driver_gtbrxe7s_avalon_traffic_gen.sv,SYSTEM_VERILOG,,altera_uniphy_driver_gtbrxe7s,false
my_qsys_mpfe_system/sim_verilog/submodules/altera_uniphy_driver_gtbrxe7s.v,VERILOG,,altera_uniphy_driver_gtbrxe7s,false
my_qsys_mpfe_system/sim_verilog/submodules/altera_uniphy_driver_gtbrxe7s_reset_sync.v,VERILOG,,altera_uniphy_driver_gtbrxe7s,false
my_qsys_mpfe_system/sim_verilog/submodules/altera_uniphy_driver_gtbrxe7s_template_stage.sv,SYSTEM_VERILOG,,altera_uniphy_driver_gtbrxe7s,false
my_qsys_mpfe_system/sim_verilog/submodules/altera_uniphy_driver_gtbrxe7s_driver_fsm.sv,SYSTEM_VERILOG,,altera_uniphy_driver_gtbrxe7s,false
my_qsys_mpfe_system/sim_verilog/submodules/altera_uniphy_driver_gtbrxe7s_iss_probe.v,VERILOG,,altera_uniphy_driver_gtbrxe7s,false
my_qsys_mpfe_system/sim_verilog/submodules/altera_uniphy_driver_gtbrxe7s_rand_num_gen.sv,SYSTEM_VERILOG,,altera_uniphy_driver_gtbrxe7s,false
my_qsys_mpfe_system/sim_verilog/submodules/altera_uniphy_driver_gtbrxe7s_iss_source.v,VERILOG,,altera_uniphy_driver_gtbrxe7s,false
my_qsys_mpfe_system/sim_verilog/submodules/altera_uniphy_driver_gtbrxe7s_burst_boundary_addr_gen.sv,SYSTEM_VERILOG,,altera_uniphy_driver_gtbrxe7s,false
my_qsys_mpfe_system/sim_verilog/submodules/altera_uniphy_driver_gtbrxe7s_rand_addr_gen.sv,SYSTEM_VERILOG,,altera_uniphy_driver_gtbrxe7s,false
my_qsys_mpfe_system/sim_verilog/submodules/altera_uniphy_driver_gtbrxe7s_lfsr_wrapper.sv,SYSTEM_VERILOG,,altera_uniphy_driver_gtbrxe7s,false
my_qsys_mpfe_system/sim_verilog/submodules/altera_uniphy_driver_gtbrxe7s_block_rw_stage.sv,SYSTEM_VERILOG,,altera_uniphy_driver_gtbrxe7s,false
my_qsys_mpfe_system/sim_verilog/submodules/altera_uniphy_driver_gtbrxe7s_driver_definitions.sv,SYSTEM_VERILOG,,altera_uniphy_driver_gtbrxe7s,false
my_qsys_mpfe_system/sim_verilog/submodules/altera_uniphy_driver_gtbrxe7s_read_compare.sv,SYSTEM_VERILOG,,altera_uniphy_driver_gtbrxe7s,false
my_qsys_mpfe_system/sim_verilog/submodules/altera_uniphy_driver_gtbrxe7s_scfifo_wrapper.sv,SYSTEM_VERILOG,,altera_uniphy_driver_gtbrxe7s,false
my_qsys_mpfe_system/sim_verilog/submodules/altera_uniphy_driver_gtbrxe7s_rand_seq_addr_gen.sv,SYSTEM_VERILOG,,altera_uniphy_driver_gtbrxe7s,false
my_qsys_mpfe_system/sim_verilog/submodules/altera_uniphy_driver_gtbrxe7s_addr_gen.sv,SYSTEM_VERILOG,,altera_uniphy_driver_gtbrxe7s,false
my_qsys_mpfe_system/sim_verilog/submodules/altera_uniphy_driver_gtbrxe7s_lfsr.sv,SYSTEM_VERILOG,,altera_uniphy_driver_gtbrxe7s,false
my_qsys_mpfe_system/sim_verilog/submodules/altera_uniphy_driver_gtbrxe7s_template_addr_gen.sv,SYSTEM_VERILOG,,altera_uniphy_driver_gtbrxe7s,false
my_qsys_mpfe_system/sim_verilog/submodules/altera_uniphy_driver_gtbrxe7s_rand_burstcount_gen.sv,SYSTEM_VERILOG,,altera_uniphy_driver_gtbrxe7s,false
my_qsys_mpfe_system/sim_verilog/submodules/altera_uniphy_driver_44g34wll_template_stage.sv,SYSTEM_VERILOG,,altera_uniphy_driver_44g34wll,false
my_qsys_mpfe_system/sim_verilog/submodules/altera_uniphy_driver_44g34wll_block_rw_stage.sv,SYSTEM_VERILOG,,altera_uniphy_driver_44g34wll,false
my_qsys_mpfe_system/sim_verilog/submodules/altera_uniphy_driver_44g34wll_scfifo_wrapper.sv,SYSTEM_VERILOG,,altera_uniphy_driver_44g34wll,false
my_qsys_mpfe_system/sim_verilog/submodules/altera_uniphy_driver_44g34wll_addr_gen.sv,SYSTEM_VERILOG,,altera_uniphy_driver_44g34wll,false
my_qsys_mpfe_system/sim_verilog/submodules/altera_uniphy_driver_44g34wll_single_rw_stage.sv,SYSTEM_VERILOG,,altera_uniphy_driver_44g34wll,false
my_qsys_mpfe_system/sim_verilog/submodules/altera_uniphy_driver_44g34wll_driver_definitions.sv,SYSTEM_VERILOG,,altera_uniphy_driver_44g34wll,false
my_qsys_mpfe_system/sim_verilog/submodules/altera_uniphy_driver_44g34wll_avalon_traffic_gen.sv,SYSTEM_VERILOG,,altera_uniphy_driver_44g34wll,false
my_qsys_mpfe_system/sim_verilog/submodules/altera_uniphy_driver_44g34wll_lfsr.sv,SYSTEM_VERILOG,,altera_uniphy_driver_44g34wll,false
my_qsys_mpfe_system/sim_verilog/submodules/altera_uniphy_driver_44g34wll_iss_probe.v,VERILOG,,altera_uniphy_driver_44g34wll,false
my_qsys_mpfe_system/sim_verilog/submodules/altera_uniphy_driver_44g34wll_read_compare.sv,SYSTEM_VERILOG,,altera_uniphy_driver_44g34wll,false
my_qsys_mpfe_system/sim_verilog/submodules/altera_uniphy_driver_44g34wll_driver_fsm.sv,SYSTEM_VERILOG,,altera_uniphy_driver_44g34wll,false
my_qsys_mpfe_system/sim_verilog/submodules/altera_uniphy_driver_44g34wll_iss_source.v,VERILOG,,altera_uniphy_driver_44g34wll,false
my_qsys_mpfe_system/sim_verilog/submodules/altera_uniphy_driver_44g34wll_driver.sv,SYSTEM_VERILOG,,altera_uniphy_driver_44g34wll,false
my_qsys_mpfe_system/sim_verilog/submodules/altera_uniphy_driver_44g34wll_rand_seq_addr_gen.sv,SYSTEM_VERILOG,,altera_uniphy_driver_44g34wll,false
my_qsys_mpfe_system/sim_verilog/submodules/altera_uniphy_driver_44g34wll_rand_addr_gen.sv,SYSTEM_VERILOG,,altera_uniphy_driver_44g34wll,false
my_qsys_mpfe_system/sim_verilog/submodules/altera_uniphy_driver_44g34wll_rand_num_gen.sv,SYSTEM_VERILOG,,altera_uniphy_driver_44g34wll,false
my_qsys_mpfe_system/sim_verilog/submodules/altera_uniphy_driver_44g34wll_rand_burstcount_gen.sv,SYSTEM_VERILOG,,altera_uniphy_driver_44g34wll,false
my_qsys_mpfe_system/sim_verilog/submodules/altera_uniphy_driver_44g34wll_seq_addr_gen.sv,SYSTEM_VERILOG,,altera_uniphy_driver_44g34wll,false
my_qsys_mpfe_system/sim_verilog/submodules/altera_uniphy_driver_44g34wll_template_addr_gen.sv,SYSTEM_VERILOG,,altera_uniphy_driver_44g34wll,false
my_qsys_mpfe_system/sim_verilog/submodules/altera_uniphy_driver_44g34wll_burst_boundary_addr_gen.sv,SYSTEM_VERILOG,,altera_uniphy_driver_44g34wll,false
my_qsys_mpfe_system/sim_verilog/submodules/altera_uniphy_driver_44g34wll.v,VERILOG,,altera_uniphy_driver_44g34wll,false
my_qsys_mpfe_system/sim_verilog/submodules/altera_uniphy_driver_44g34wll_reset_sync.v,VERILOG,,altera_uniphy_driver_44g34wll,false
my_qsys_mpfe_system/sim_verilog/submodules/altera_uniphy_driver_44g34wll_lfsr_wrapper.sv,SYSTEM_VERILOG,,altera_uniphy_driver_44g34wll,false
my_qsys_mpfe_system/sim_verilog/submodules/altera_uniphy_driver_seo37she_read_compare.sv,SYSTEM_VERILOG,,altera_uniphy_driver_seo37she,false
my_qsys_mpfe_system/sim_verilog/submodules/altera_uniphy_driver_seo37she_burst_boundary_addr_gen.sv,SYSTEM_VERILOG,,altera_uniphy_driver_seo37she,false
my_qsys_mpfe_system/sim_verilog/submodules/altera_uniphy_driver_seo37she_iss_probe.v,VERILOG,,altera_uniphy_driver_seo37she,false
my_qsys_mpfe_system/sim_verilog/submodules/altera_uniphy_driver_seo37she_template_stage.sv,SYSTEM_VERILOG,,altera_uniphy_driver_seo37she,false
my_qsys_mpfe_system/sim_verilog/submodules/altera_uniphy_driver_seo37she_reset_sync.v,VERILOG,,altera_uniphy_driver_seo37she,false
my_qsys_mpfe_system/sim_verilog/submodules/altera_uniphy_driver_seo37she_addr_gen.sv,SYSTEM_VERILOG,,altera_uniphy_driver_seo37she,false
my_qsys_mpfe_system/sim_verilog/submodules/altera_uniphy_driver_seo37she_lfsr.sv,SYSTEM_VERILOG,,altera_uniphy_driver_seo37she,false
my_qsys_mpfe_system/sim_verilog/submodules/altera_uniphy_driver_seo37she_single_rw_stage.sv,SYSTEM_VERILOG,,altera_uniphy_driver_seo37she,false
my_qsys_mpfe_system/sim_verilog/submodules/altera_uniphy_driver_seo37she_seq_addr_gen.sv,SYSTEM_VERILOG,,altera_uniphy_driver_seo37she,false
my_qsys_mpfe_system/sim_verilog/submodules/altera_uniphy_driver_seo37she_rand_seq_addr_gen.sv,SYSTEM_VERILOG,,altera_uniphy_driver_seo37she,false
my_qsys_mpfe_system/sim_verilog/submodules/altera_uniphy_driver_seo37she_template_addr_gen.sv,SYSTEM_VERILOG,,altera_uniphy_driver_seo37she,false
my_qsys_mpfe_system/sim_verilog/submodules/altera_uniphy_driver_seo37she_avalon_traffic_gen.sv,SYSTEM_VERILOG,,altera_uniphy_driver_seo37she,false
my_qsys_mpfe_system/sim_verilog/submodules/altera_uniphy_driver_seo37she_scfifo_wrapper.sv,SYSTEM_VERILOG,,altera_uniphy_driver_seo37she,false
my_qsys_mpfe_system/sim_verilog/submodules/altera_uniphy_driver_seo37she.v,VERILOG,,altera_uniphy_driver_seo37she,false
my_qsys_mpfe_system/sim_verilog/submodules/altera_uniphy_driver_seo37she_lfsr_wrapper.sv,SYSTEM_VERILOG,,altera_uniphy_driver_seo37she,false
my_qsys_mpfe_system/sim_verilog/submodules/altera_uniphy_driver_seo37she_driver_definitions.sv,SYSTEM_VERILOG,,altera_uniphy_driver_seo37she,false
my_qsys_mpfe_system/sim_verilog/submodules/altera_uniphy_driver_seo37she_rand_num_gen.sv,SYSTEM_VERILOG,,altera_uniphy_driver_seo37she,false
my_qsys_mpfe_system/sim_verilog/submodules/altera_uniphy_driver_seo37she_driver.sv,SYSTEM_VERILOG,,altera_uniphy_driver_seo37she,false
my_qsys_mpfe_system/sim_verilog/submodules/altera_uniphy_driver_seo37she_rand_burstcount_gen.sv,SYSTEM_VERILOG,,altera_uniphy_driver_seo37she,false
my_qsys_mpfe_system/sim_verilog/submodules/altera_uniphy_driver_seo37she_rand_addr_gen.sv,SYSTEM_VERILOG,,altera_uniphy_driver_seo37she,false
my_qsys_mpfe_system/sim_verilog/submodules/altera_uniphy_driver_seo37she_iss_source.v,VERILOG,,altera_uniphy_driver_seo37she,false
my_qsys_mpfe_system/sim_verilog/submodules/altera_uniphy_driver_seo37she_driver_fsm.sv,SYSTEM_VERILOG,,altera_uniphy_driver_seo37she,false
my_qsys_mpfe_system/sim_verilog/submodules/altera_uniphy_driver_seo37she_block_rw_stage.sv,SYSTEM_VERILOG,,altera_uniphy_driver_seo37she,false
my_qsys_mpfe_system/sim_verilog/submodules/altera_merlin_master_translator.sv,SYSTEM_VERILOG,,altera_merlin_master_translator,false
my_qsys_mpfe_system/sim_verilog/submodules/altera_merlin_slave_translator.sv,SYSTEM_VERILOG,,altera_merlin_slave_translator,false
my_qsys_mpfe_system/sim_verilog/submodules/altera_reset_controller.v,VERILOG,,altera_reset_controller,false
my_qsys_mpfe_system/sim_verilog/submodules/altera_reset_synchronizer.v,VERILOG,,altera_reset_controller,false
#
# Map from instance-path to kind of module
instances:
instancePath,module
my_qsys_mpfe_system.mpfe,mpfe_top
my_qsys_mpfe_system.uniphy_ddr3_avalon_slave_0_translator,altera_merlin_slave_translator
my_qsys_mpfe_system.mpfe_slv_0_translator,altera_merlin_slave_translator
my_qsys_mpfe_system.mpfe_slv_1_translator,altera_merlin_slave_translator
my_qsys_mpfe_system.mpfe_slv_2_translator,altera_merlin_slave_translator
my_qsys_mpfe_system.mpfe_slv_3_translator,altera_merlin_slave_translator
my_qsys_mpfe_system.mpfe_avalon_master_translator,altera_merlin_master_translator
my_qsys_mpfe_system.master_0_avalon_master_translator,altera_merlin_master_translator
my_qsys_mpfe_system.master_1_avalon_master_translator,altera_merlin_master_translator
my_qsys_mpfe_system.master_2_avalon_master_translator,altera_merlin_master_translator
my_qsys_mpfe_system.master_3_avalon_master_translator,altera_merlin_master_translator
my_qsys_mpfe_system.master_2,altera_uniphy_driver_44g34wll
my_qsys_mpfe_system.uniphy_ddr3,altera_uniphy_ddr3_nzhdlyea
my_qsys_mpfe_system.master_0,altera_uniphy_driver_ri64vf54
my_qsys_mpfe_system.rst_controller,altera_reset_controller
my_qsys_mpfe_system.rst_controller_001,altera_reset_controller
my_qsys_mpfe_system.master_3,altera_uniphy_driver_seo37she
my_qsys_mpfe_system.master_1,altera_uniphy_driver_gtbrxe7s
